51669;"2024-10-10;"В Ленобласти продолжается грибной сезон";"null";"Охота за клюквой в самом разгаре.";https://kudago.com/spb/news/v-lenoblasti-prodolzhaetsya/;0;0;0.5
51665;"2024-10-10;"Планета против: рецензия на фильм «Говорит Земля!»";"null";"В кинотеатрах уже идёт легкомысленная, но забавная комедия «Говорит Земля!». Евгений Корчагин, снимавший «Михалыча» и «Войну семей» для телеканала ТНТ, посвятил свой полнометражный дебют проблемам экологии. Впрочем, довольно поверхностно. Какой получилась экокомедия, читайте в нашей рецензии. Ещё больше обзоров премьер и рецензий на фильмы ищите у нас на сайте в разделе про кино.";https://kudago.com/all/news/retsenziya-na-film-govorit-zemlya/;0;0;0.5
51739;"2024-10-17;"Открыт приём заявок на премию для фуд-блогеров";"null";"Призы вручат в 13 номинациях.";https://kudago.com/all/news/fud-premii-2024/;0;0;0.5
51738;"2024-10-17;"Первая в России музыкальная разметка появилась на трассе между Москвой и Петербургом";"null";"Для водителей будет звучать знакомая с детства мелодия.";https://kudago.com/all/news/pervaya-v-rossii-muzyikalnaya/;0;0;0.5
51737;"2024-10-17;"Умер бывший солист One Direction Лиам Пейн";"null";"Он выпал из окна.";https://kudago.com/all/news/umer-byvshij-solist-one-direction/;0;0;0.5
51736;"2024-10-17;"Русский музей открывает масштабную выставку к юбилею Карла Брюллова";"null";"На ней представят около 400 работ мастера.";https://kudago.com/spb/news/russkij-muzej-otkryivaet/;0;0;0.5
51732;"2024-10-16;"Собака забралась на самую высокую пирамиду Египта";"null";"Видео опубликовано в соцсетях.";https://kudago.com/all/news/sobaka-zabralas-na-samuyu/;0;0;0.5
51731;"2024-10-16;"У ЕГЭ не будет альтернативы";"null";"Но его противники продолжат борьбу.";https://kudago.com/all/news/u-ege-ne-budet-alternativyi/;0;0;0.5
51730;"2024-10-16;"Героев «Гарри Поттера» превратили в котов";"null";"А ещё в рок-звёзд.";https://kudago.com/all/news/geroev-garri-pottera/;0;0;0.5
51729;"2024-10-16;"Водительские права предложили выдавать с 16 лет";"null";"Обращение направлено в МВД.";https://kudago.com/all/news/v-rossii-predlozhili-vyidavat/;0;0;0.5
51609;"2024-10-16;"Go по работам: основательница благотворительного проекта «Путь домой» про осознанную помощь, ценность жизни и ответственность за тех, кого мы приручили";"null";"Сегодня героем нашей рубрики Go по работам стала Валерия Котлюба, руководитель благотворительного проекта «ПУТЬ ДОМОЙ» и директор АНО «Агентство по реализации социально-значимых проектов и программ „ВЕТЕР ПЕРЕМЕН“». Валерия следит за тем, чтобы работа проекта не прекращалась, а также организует одноимённый фестиваль, который за время своего существования помог найти дом более чем для 1000 животных. Мы поговорили с ней о том, почему домашние животные оказываются на улице, как этого можно избежать и почему любая помощь — это возможность сделать чью-то жизнь лучше.";https://kudago.com/all/news/go-po-rabotam-osnovatelnitsa-blago-proekt/;0;0;0.5
51728;"2024-10-16;"Кабаны держат в страхе посёлок в Ленобласти";"null";"Жители боятся отпускать детей на прогулку.";https://kudago.com/spb/news/kabanyi-derzhat-v-strazhe-posyolok-v/;0;0;0.5
51710;"2024-10-15;"В Ленобласти спасают лисицу с переломами передних лап";"null";"Её ждёт операция.";https://kudago.com/spb/news/v-lenoblasti-vyihazhivayut-lisa-s/;0;0;0.5
51709;"2024-10-14;"В России могут запретить выступления животных в цирке";"null";"Закон рассмотрят в ноябре.";https://kudago.com/all/news/v-rossii-mogut-zapretit-vystupleniya-zhivotnyh-v-cirke/;0;0;0.5
51708;"2024-10-14;"Между Москвой и Петербургом начнёт ходить двухэтажная «Аврора»";"null";"Её запустят в конце года.";https://kudago.com/all/news/mezhdu-moskvoj-i-sankt-14-10-2024/;0;0;0.5
51707;"2024-10-14;"Идёт работа над новым сериалом про Штирлица";"null";"Съёмки могут стартовать следующим летом.";https://kudago.com/all/news/idyot-rabota-nad-novyim-serialom/;0;0;0.5
51706;"2024-10-14;"Котят нашли в коробке с чипсами";"null";"Их уже пристроили в хорошие руки.";https://kudago.com/all/news/kotyat-nashli-v-korobke-s-chipsami/;0;0;0.5
51703;"2024-10-14;"В Петербурге благоустроили берега Верхнего Суздальского озера";"null";"На территории появилась инфраструктура для маломобильных горожан.";https://kudago.com/spb/news/v-peterburge-blagoustroili/;0;0;0.5
51704;"2024-10-14;"В октябре можно будет наблюдать суперлуние";"null";"Оно станет главным и последним в этом году.";https://kudago.com/all/news/v-oktyabre-mozhno-budet-nablyudat/;0;0;0.5
51702;"2024-10-14;"Одноклассники запускают уникальное научпоп-шоу про садоводство";"null";"В нём расскажут, как получить высокий урожай при помощи современных технологий.";https://kudago.com/all/news/odnoklassniki-zapuskayut/;0;0;0.5
51701;"2024-10-14;"В Петербурге и Ленобласти перешли на регулярное отопление";"null";"В связи с понижением температуры.";https://kudago.com/spb/news/v-peterburge-i-lenoblasti-regulyarnoe-otoplenie/;0;0;0.5
51700;"2024-10-14;"В Петербурге ждут бабье лето";"null";"А в Ленобласти снег.";https://kudago.com/spb/news/v-peterburge-zhdut-babe-leto/;0;0;0.5
51698;"2024-10-13;"Измени своё лицо: рецензия на фильм «Другой человек»";"null";"Новинка с Берлинского кинофестиваля «Другой человек» ещё идёт в прокате и вполне успешно может шокировать неподготовленного зрителя. Возможно, что кого-то даже не меньше, чем «Субстанция». Аарон Шимберг продолжает препарировать вопросы красоты и уродства и снимает боди-хоррор на грани с драмой и чёрной сатирой. Каким получился этот морализаторский ужастик, читайте в нашей рецензии. Ещё больше обзоров премьер и рецензий на фильмы ищите у нас на сайте в разделе про кино.";https://kudago.com/all/news/retsenziya-na-film-drugoj/;0;0;0.5
51695;"2024-10-11;"В Петербурге началась закупка новогодних украшений для улиц";"null";"Ель на Дворцовой будет живой.";https://kudago.com/spb/news/v-peterburge-nachalas-zakupka/;0;0;0.5
51694;"2024-10-11;"В Ленобласти заметили необычных уток и беркута";"null";"Им грозит вымирание.";https://kudago.com/spb/news/v-lenoblasti-zametili-neobyichnyih/;0;0;0.5
51692;"2024-10-11;"В заповеднике Ленобласти впервые за несколько лет заметили волчат";"null";"Они попали в видеоловушку.";https://kudago.com/spb/news/v-zapovednike-v-lenoblasti/;0;0;0.5
51690;"2024-10-11;"У «Теории большого взрыва» появится спин-офф";"null";"В нём расскажут о второстепенных персонажах шоу.";https://kudago.com/all/news/u-teorii-bolshogo-vzryiva/;0;0;0.5
51693;"2024-10-11;"В Риме за посещение фонтана Треви будут брать плату";"null";"Власти ограничат поток туристов к центральной достопримечательности.";https://kudago.com/all/news/v-rime-za-poseschenie-fontana/;0;0;0.5
51691;"2024-10-11;"Tesla выпустит беспилотные такси";"null";"Илон Маск хочет запустить производство уже через два года.";https://kudago.com/all/news/tesla-vyipustit-bespilotnyie-taksi/;0;0;0.5
51689;"2024-10-11;"«Поющие мосты» вновь посвятят творчеству Андрея Петрова";"null";"Композитор создал музыку ко многим популярным фильмам.";https://kudago.com/spb/news/poyuschie-mostyi-vnov-posvyatyat/;0;1;0.5
51688;"2024-10-11;"Вышел ещё один трейлер «Конклава» с Рэйфом Файнсом";"null";"Премьера в России в конце ноября.";https://kudago.com/all/news/vyishel-eschyo-odin-trejler/;0;0;0.5
51685;"2024-10-11;"В Ленобласти назвали самые популярные и необычные имена детей";"null";"В топе без изменений.";https://kudago.com/spb/news/v-lenoblasti-nazvali-samyie/;0;0;0.5
51733;"2024-10-17;"Путешествие без границ с VK Видео: блоги о необычных маршрутах и лайфхаках для путешествий";"null";"В приложении VK Видео есть что посмотреть, чем бы вы ни увлекались. Включайте любимых блогеров, шоу, клипы и сериалы, сохраняйте понравившееся, получайте персональные рекомендации. А специально для тех, кто не представляет жизнь без путешествий, мы составили подборку из трёх видеоблогов, авторы которых рассказывают о малоизвестных местах и делятся советами для самостоятельных туристов.";https://kudago.com/all/news/puteshestvie-bez-granits-s-vk/;1;0;0.7310585786300049
51752;"2024-10-18;"У приквела «Дюны» появился ещё один трейлер";"null";"В шоу будет шесть эпизодов.";https://kudago.com/all/news/u-prikvela-dyunyi-poyavilsya/;0;0;0.5
51751;"2024-10-18;"В России обсуждают запрет езды на электросамокатах людям до 16 лет";"null";"И возможность арендовать СИМ только при наличии водительского удостоверения.";https://kudago.com/all/news/na-samokatah-razreshat-ezdit-s/;0;0;0.5
51747;"2024-10-18;"Режим работы станции «Горьковская» изменится из-за ремонта";"null";"Он продлится почти два месяца.";https://kudago.com/spb/news/rezhim-gorkovskoj-izmenitsya-iz-za-remonta/;0;0;0.5
51746;"2024-10-18;"Из Петербурга в Гатчину отправится «Пушкинская Ласточка»";"null";"Пассажиры смогут принять участие в викторине.";https://kudago.com/spb/news/pushkinskaya-lastochka-iz-peterburga-v-gatchinu/;0;0;0.5
51744;"2024-10-17;"Кинематографисты готовят ремейк «Невероятных приключений итальянцев в России»";"null";"Его снимут совместно с Китаем.";https://kudago.com/all/news/kinematografistyi-gotovyat-remejk/;0;0;0.5
51743;"2024-10-17;"Появился новый трейлер финального сезона «Аркейна»";"null";"Трансляцию разобьют на три части.";https://kudago.com/all/news/trejler-finalnogo-sezona-arkejna/;0;0;0.5
51742;"2024-10-17;"В тизере нового «Уоллеса и Громита» у главных героев неприятности";"null";"Премьера мультфильма состоится в январе.";https://kudago.com/all/news/v-tizere-novogo-uollesa-i/;0;0;0.5
51741;"2024-10-17;"Разработаны новые правила поступления в вузы для будущих учителей";"null";"Они начнут действовать через два года.";https://kudago.com/all/news/razrabotanyi-novyie-pravila/;0;0;0.5
51740;"2024-10-17;"Вышел дебютный трейлер байопика про Александра Пушкина";"null";"Премьера состоится в День всех влюблённых.";https://kudago.com/all/news/trejler-bajopika-pro-aleksandra-pushkina/;0;0;0.5
51727;"2024-10-16;"«Ночлежка» открыла первый пункт обогрева для бездомных в Петербурге";"null";"Второй заработает на этой неделе.";https://kudago.com/spb/news/nochlezhka-otkryila-pervyij-punkt/;0;0;0.5
51725;"2024-10-16;"В России вырос спрос на тарологов и астрологов";"null";"Вакансии вызывают нешуточный интерес у соискателей.";https://kudago.com/all/news/v-rossii-vyiros-spros-tarologov-i/;0;0;0.5
51723;"2024-10-15;"В Петербурге восстанавливают музей Михаила Лермонтова";"null";"Он находился в здании лицея № 280.";https://kudago.com/spb/news/v-peterburge-vosstanavlivayut/;0;0;0.5
51722;"2024-10-15;"Райану Рейнольдсу и Хью Джекману предложили стать ведущими «Оскара»";"null";"Приглашение получили ещё несколько звёзд.";https://kudago.com/all/news/rajanu-rejnoldsu-i-hyu-dzhekmanu/;0;0;0.5
51721;"2024-10-15;"Над Россией летит самая яркая комета за 13 лет";"null";"Она видна невооружённым глазом.";https://kudago.com/all/news/nad-rossiej-proletaet-samaya/;0;0;0.5
51720;"2024-10-15;"Вход в Эрмитаж стал бесплатным для членов многодетных семей";"null";"Льготные билеты доступны на сайте.";https://kudago.com/spb/news/vhod-v-ermitazh-stal-besplatnyim-dlya-mnogodetnyh-semej/;0;0;0.5
51718;"2024-10-15;"В Выборгском замке появился бронзовый кот Филимон";"null";"Он одет в пальто.";https://kudago.com/spb/news/v-vyiborgskom-zamke-poyavilsya/;0;0;0.5
51716;"2024-10-15;"Спектакль окончен: рецензия на фильм «Джокер: Безумие на двоих»";"null";"В мировой прокат вышел сиквел «Джокера» с подзаголовком «Безумие на двоих». Продолжение мрачного хита о злодее представляет собой невнятный микс мюзикла и судебной драмы. Ещё больше обзоров премьер и рецензий на фильмы ищите у нас на сайте в разделе про кино.";https://kudago.com/all/news/retsenziya-na-film-dzhoker-bezumie-na-dvoih/;0;0;0.5
51714;"2024-10-15;"Грибники из Петербурга и Ленобласти хвастаются полными корзинами";"null";"Заморозки тихой охоте не помеха.";https://kudago.com/spb/news/gribniki-iz-peterburga-i/;0;0;0.5
51713;"2024-10-15;"Роман с призраком: рецензия на фильм «Сидони в Японии»";"null";"Кинопрокат радует фестивальными новинками. На этот раз на больших экранах можно увидеть ленту с недавнего Венецианского кинофестиваля — фильм Элиз Жирар с Изабель Юппер, Цуёси Ихара и Аугустом Дилем в главных ролях. Медленная драма о скорби и спокойной любви — то, что нужно этой осенью. О прелестях и тонкостях этой чудесной работы читайте в нашей рецензии. Ещё больше обзоров премьер и рецензий на фильмы ищите у нас на сайте в разделе про кино.";https://kudago.com/all/news/retsenziya-na-film-sidoni-v-yaponii/;0;0;0.5
51679;"2024-10-11;"Британцы снимут спин-офф «Гордости и предубеждения»";"null";"Он расскажет о младшей сестре  Элизабет Беннет.";https://kudago.com/all/news/britantsyi-snimut-spin-off/;0;0;0.5
51678;"2024-10-11;"В России выпустили книгу о пет-френдли культуре";"null";"Это сборник советов по организации удобного пространства для четвероногих.";https://kudago.com/all/news/v-rossii-vyipustili-knigu-o-pet-/;0;0;0.5
51683;"2024-10-11;"Северное сияние наблюдали по всей России";"null";"В выходные ждут новую серию «небесного шоу».";https://kudago.com/all/news/severnoe-siyanie-nablyudali-po/;0;0;0.5
51567;"2024-10-11;"«Мне даже сон снился, как я в красном платье поднимаюсь на сцену за Грэмми»: интервью с Baby Cute";"null";"Восходящая звезда лейбла Gazgolder рассказала в интервью KudaGo, что считает своим главным достижением, как реагирует на критику в соцсетях и когда выйдет первый альбом.";https://kudago.com/all/news/intervyu-baby-cute/;0;0;0.5
51677;"2024-10-11;"«Просто я такой, и здравствуйте»: почему стоит посетить выставку «Виктор Цой. Легенда», даже если вы не его фанат";"newsAPI.dto.News$Place@184f6be2";"С чем у вас ассоциируется Виктор Цой и какие чувства вызывает его музыка? Понять легенду и погрузиться в атмосферу его времени приглашает выставка-байопик, которая два года назад уже поразила жителей столицы, а теперь в обновлённом виде открылась на родине музыканта. Посетить экспозицию можно с 12 октября в «Севкабель Порту», а мы расскажем, чем она запомнилась нам и почему на ней понравится не только фанатам музыки «Кино».";https://kudago.com/spb/news/pochemu-stoit-posetit-vystavku-viktor-coj-legenda/;0;0;0.5
51676;"2024-10-10;"Составили рейтинг лучших хорроров всех времён";"null";"В топ-10 — только картины ХХ века.";https://kudago.com/all/news/luchshie-horrory-vseh-vremyon/;0;0;0.5
51674;"2024-10-10;"Статуя лисёнка из посёлка Лисий Нос вернулась на своё место";"null";"Она была на реставрации.";https://kudago.com/spb/news/statuya-lisenka-iz-poselka-lisij/;0;0;0.5
51673;"2024-10-10;"ВКонтакте отмечает 18-летие";"null";"Соцсеть поздравила пользователей, которым тоже исполнилось 18 в этот день.";https://kudago.com/all/news/vkontakte-otmechaet-18-letie/;0;0;0.5
51672;"2024-10-10;"Эрмитаж рассказал о планах на 2025 год";"null";"В следующем году музей проведёт больше 30 выставок.";https://kudago.com/spb/news/ermitazh-rasskazal-o-planah-na/;0;0;0.5
51670;"2024-10-10;"В Петербурге завершили благоустройство бульвара Новаторов";"null";"В Кировском районе новое пространство для прогулок.";https://kudago.com/spb/news/v-peterburge-zavershili-blagoustrojstvo-bulvara-novatorov/;0;0;0.5
